{
    "0": [
        [
          -18.55,
          1.25,
          0
        ],
      [
        -16.995681684288034,
        -0.29369351379676095,
        0
      ],
      [
        -16.951576021837543,
        -3.2933692780319253,
        0
      ],
      [
        -18.15,
        -5.175,
        0
      ],
      [
        -18.223207007713345,
        -7.817157506364946,
        0
      ],
      [
        -15.286519481686147,
        -6.688,
        0
      ],
      [
        -12.302391420036285,
        -6.538424712132081,
        0
      ],
      [
        -7.575,
        -7.12,
        0
      ],
      [
        -4.0358,
        -7.1884,
        0
      ],
      [
        -2.196642133055286,
        -7.7255077370246261,
        0
      ],
      [
        -1.3467472571065722,
        -7.1944339506909613,
        0
      ],
      [
        -1.9232312466465542,
        -6.800249459067284,
        0
      ],
      [
        -0.3981483614822772,
        -4.216817208479106,
        0
      ],
      [
        -2.919,
        -3.713,
        0
      ],
      [
        -2.0534156962937846,
        -4.951319057470849,
        0
      ],
      [
        -4.533965044092527,
        -4.638587540296042,
        0
      ],
      [
        -7.067220192513904,
        -5.223365738099488,
        0
      ],
      [
        -10.9,
        -4.53,
        0
      ],
      [
        -12.442182591329779,
        -4.65,
        0
      ],
      [
        -16.64,
        -4.5312,
        0
      ],
      [
        -18.55,
        1.25,
        0
      ]
    ],
  "1": [
    [
      -18.55,
      1.25,
      0
    ],
    [
      -16.885,
      -3.775,
      0
    ],
    [
      -17.533910834829808,
      -5.107269683598834,
      0
    ],
    [
      -17.845829225547188,
      -8.091010107551982,
      0
    ],
    [
      -18.15774761626457,
      -11.074750531505183,
      0
    ],
    [
      -21.082085707750974,
      -11.444262836606497,
      0
    ],
    [
      -24.056058788106466,
      -11.349948092625356,
      0
    ],
    [
      -26.996801509161013,
      -11.943271148442728,
      0
    ],
    [
      -29.833364101353293,
      -10.966586623852118,
      0
    ],
    [
      -31.753696389358193,
      -8.661738710508248,
      0
    ],
    [
      -30.89210934026745,
      -5.788122912103889,
      0
    ],
    [
      -32.21193748524666,
      -3.0940453950823747,
      0
    ],
    [
      -32.21193748524666,
      -3.0940453950823747,
      0
    ],
    [
      -31.555985416362205,
      -5.270233273197327,
      0
    ],
    [
      -30.69019384765153,
      -8.1425850900104,
      0
    ],
    [
      -29.3,
      -11.05,
      0
    ],
    [
      -29.3,
      -11.05,
      0
    ],
    [
      -26.485346536866004,
      -11.69,
      0
    ],
    [
      -23.52369676994006,
      -11.69138617641189,
      0
    ],
    [
      -20.547876805304924,
      -11.311260489199107,
      0
    ],
    [
      -17.55194658002371,
      -11.155048821111933,
      0
    ],
    [
      -16.40498263549877,
      -8.382960490996936,
      0
    ],
    [
      -15.114670751512847,
      -5.674622395033867,
      0
    ],
    [
      -16.623,
      -2.85,
      0
    ],
    [
      -18.55,
      1.25,
      0
    ]
  ],
  "2": [
    [
      -18.55,
      1.25,
      0
    ],
    [
      -17.002183358555726,
      -0.46322926559801814,
      0
    ],
    [
      -17.01632323139654,
      -3.46319594274563,
      0
    ],
    [
      -17.030463104237143,
      -6.463162619893248,
      0
    ],
    [
      -18.344602977077744,
      -11,
      0
    ],
    [
      -19.654394703222295,
      -11.129,
      0
    ],
    [
      -22.648946279065697,
      -11.129,
      0
    ],
    [
      -25.34019287956872,
      -11.68,
      0
    ],
    [
      -28.335267011317228,
      -11.68,
      0
    ],
    [
      -31.093149692953247,
      -10.734961165443496,
      0
    ],
    [
      -30.171712504124443,
      -7.8799736861288645,
      0
    ],
    [
      -29.76993414596376,
      -3.67612957533975,
      0
    ],
    [
      -29.766088926743848,
      -2.2702255978752413,
      0
    ],
    [
      -30.769431979733554,
      -0.6169641064442681,
      0
    ],
    [
      -31.138442484528767,
      2.360254603585414,
      0
    ],
    [
      -33.629799354083886,
      4.031523866307875,
      0
    ],
    [
      -30.85796440133908,
      3.8253139557631313,
      0
    ],
    [
      -30.96758095829539,
      0.8273172562250851,
      0
    ],
    [
      -30.941199432307638,
      2.713803119059295,
      0
    ],
    [
      -32.91015525465947,
      0.4503515579194266,
      0
    ],
    [
      -33.00205142321542,
      0.3955920192798435,
      0
    ],
    [
      -35.163633649303826,
      -1.3839223828528928,
      0
    ],
    [
      -32.57615386190023,
      -2.9021280177315916,
      0
    ],
    [
      -29.988674074496632,
      -4.420333652610296,
      0
    ],
    [
      -31.844243075909898,
      -6.631449632728952,
      0
    ],
    [
      -30.157056741199096,
      -9.112054855646328,
      0
    ],
    [
      -28.465139804231825,
      -11.29488932279816,
      0
    ],
    [
      -25.667348394034164,
      -11.29,
      0
    ],
    [
      -22.927885917833137,
      -11.434975228615297,
      0
    ],
    [
      -19.988093590536735,
      -11.29,
      0
    ],
    [
      -18.49,
      -9.05,
      0
    ],
    [
      -17.147906711494727,
      -6.962696314429615,
      0
    ],
    [
      -15.468661290225219,
      -4.476708620343897,
      0
    ],
    [
      -12.702916101770148,
      -4.64,
      0
    ],
    [
      -9.97530881062932,
      -4.563595441244002,
      0
    ],
    [
      -7.5862,
      -3.851,
      0
    ],
    [
      -3.663,
      -2.82,
      0
    ],
    [
      -5.1625,
      -4.4321,
      0
    ],
    [
      -9.498609385870173,
      -4.5,
      0
    ],
    [
      -12.223102569523922,
      -4.510552102544123,
      0
    ],
    [
      -15.071172026430714,
      -5.453155077626883,
      0
    ],
    [
      -16.78724702204289,
      -2.99244651921641,
      0
    ],
    [
      -18.55,
      1.25,
      0
    ]
  ],